PACKAGE,VERSION
https://buf.build/gen/go,v1.36.1-20250212095114-4db6f2d46517.1
https://buf.build/gen/go,v1.36.4-20250130201111-63bb56e20495.1
https://buf.build/gen/go,v1.36.6-20240617172848-e1dbca2775a7.1
https://buf.build/gen/go,v1.36.6-20250212095114-4db6f2d46517.1
https://buf.build/gen/go,v1.36.6-20250320161912-af2aab87b1b3.1
https://buf.build/gen/go,v1.5.1-20250212095114-4db6f2d46517.2
https://codeberg.org/go-fonts/liberation.git,v0.5.0
https://codeberg.org/go-latex/latex.git,v0.1.0
https://codeberg.org/go-pdf/fpdf.git,v0.10.0
https://git.kernel.org/pub/scm/libs/libcap/libcap.git,v1.2.73
https://git.sr.ht/~sbinet/gg,v0.6.0
https://github.com/AdaLogics/go-fuzz-headers,v0.0.0-20221206110420-d395f97c4830
https://github.com/AdaLogics/go-fuzz-headers,v0.0.0-20230811130428-ced1acdcaa24
https://github.com/AdaLogics/go-fuzz-headers,v0.0.0-20240806141605-e8a1dd7889d6
https://github.com/AdamKorcz/go-118-fuzz-build,v0.0.0-20230306123547-8075edf89bb0
https://github.com/AdamKorcz/go-118-fuzz-build,v0.0.0-20231105174938-2b5cbb29f3e2
https://github.com/Azure/azure-sdk-for-go,v1.10.0
https://github.com/Azure/azure-sdk-for-go,v1.16.0
https://github.com/Azure/azure-sdk-for-go,v1.17.0
https://github.com/Azure/azure-sdk-for-go,v1.5.0
https://github.com/Azure/azure-sdk-for-go,v1.8.0
https://github.com/Azure/azure-sdk-for-go,v1.8.1
https://github.com/Azure/azure-sdk-for-go,v1.8.2
https://github.com/Azure/azure-sdk-for-go,v4.3.0
https://github.com/Azure/azure-sdk-for-go,v5.7.0
https://github.com/Azure/go-ansiterm,v0.0.0-20210617225240-d185dfc1b5a1
https://github.com/Azure/go-ansiterm,v0.0.0-20230124172434-306776ec8161
https://github.com/Azure/go-ansiterm,v0.0.0-20250102033503-faa5f7b0171c
https://github.com/AzureAD/microsoft-authentication-library-for-go,v1.3.2
https://github.com/AzureAD/microsoft-authentication-library-for-go,v1.3.3
https://github.com/BurntSushi/toml,v0.3.1
https://github.com/BurntSushi/toml,v1.0.0
https://github.com/BurntSushi/toml,v1.4.0
https://github.com/Code-Hex/go-generics-cache,v1.5.1
https://github.com/DATA-DOG/go-sqlmock,v1.5.2
https://github.com/GoogleCloudPlatform/opentelemetry-operations-go,v1.25.0
https://github.com/GoogleCloudPlatform/opentelemetry-operations-go,v1.27.0
https://github.com/JohnCGriffin/overflow,v0.0.0-20211019200055-46fa312c352c
https://github.com/KimMachineGun/automemlimit,v0.7.0
https://github.com/KimMachineGun/automemlimit,v0.7.1
https://github.com/KimMachineGun/automemlimit,v0.7.3
https://github.com/MakeNowJust/heredoc,v1.0.0
https://github.com/Masterminds/goutils,v1.1.1
https://github.com/Masterminds/semver,v1.5.0
https://github.com/Masterminds/semver,v3.3.0
https://github.com/Masterminds/semver,v3.3.1
https://github.com/Masterminds/sprig,v2.22.0+incompatible
https://github.com/Masterminds/sprig,v3.3.0
https://github.com/Masterminds/squirrel,v1.5.4
https://github.com/Masterminds/vcs,v1.13.3
https://github.com/Microsoft/cosesign1go,v1.2.0
https://github.com/Microsoft/didx509go,v0.0.3
https://github.com/Microsoft/go-winio,v0.4.14
https://github.com/Microsoft/go-winio,v0.6.1
https://github.com/Microsoft/go-winio,v0.6.2
https://github.com/Microsoft/hcsshim,v0.11.7
https://github.com/Microsoft/hcsshim,v0.12.9
https://github.com/NYTimes/gziphandler,v0.0.0-20170623195520-56545f4a5d46
https://github.com/NYTimes/gziphandler,v1.1.1
https://github.com/OneOfOne/xxhash,v1.2.8
https://github.com/Shopify/logrus-bugsnag,v0.0.0-20171204204709-577dee27f20d
https://github.com/VividCortex/ewma,v1.2.0
https://github.com/agext/levenshtein,v1.2.3
https://github.com/agnivade/levenshtein,v1.1.1
https://github.com/ajstarks/svgo,v0.0.0-20211024235047-1546f124cd8b
https://github.com/akavel/rsrc,v0.10.2
https://github.com/alecholmes/xfccparser,v0.4.0
https://github.com/alecthomas/assert,v2.11.0
https://github.com/alecthomas/assert,v2.3.0
https://github.com/alecthomas/kingpin,v2.4.0
https://github.com/alecthomas/kong,v0.2.12
https://github.com/alecthomas/kong,v1.12.1
https://github.com/alecthomas/kong-yaml,v0.2.0
https://github.com/alecthomas/participle,v2.1.0
https://github.com/alecthomas/participle,v2.1.1
https://github.com/alecthomas/repr,v0.2.0
https://github.com/alecthomas/repr,v0.4.0
https://github.com/alecthomas/template,v0.0.0-20160405071501-a0175ee3bccc
https://github.com/alecthomas/template,v0.0.0-20190718012654-fb15b899a751
https://github.com/alecthomas/units,v0.0.0-20151022065526-2efee857e7cf
https://github.com/alecthomas/units,v0.0.0-20190717042225-c3de453c63f4
https://github.com/alecthomas/units,v0.0.0-20190924025748-f65c72e2690d
https://github.com/alecthomas/units,v0.0.0-20211218093645-b94a6e3cc137
https://github.com/alecthomas/units,v0.0.0-20240927000941-0f3dac36c52b
https://github.com/alessio/shellescape,v1.4.1
https://github.com/alexflint/go-filemutex,v1.3.0
https://github.com/anchore/go-struct-converter,v0.0.0-20221118182256-c68fdcfa2092
https://github.com/andybalholm/brotli,v1.1.0
https://github.com/antihax/optional,v1.0.0
https://github.com/antlr4-go/antlr,v4.13.0
https://github.com/antlr4-go/antlr,v4.13.1
https://github.com/apache/arrow,v16.1.0
https://github.com/apache/thrift,v0.19.0
https://github.com/armon/circbuf,v0.0.0-20190214190532-5111143e8da2
https://github.com/armon/go-metrics,v0.4.1
https://github.com/armon/go-socks5,v0.0.0-20160902184237-e75332964ef5
https://github.com/asaskevich/govalidator,v0.0.0-20190424111038-f61b66f89f4a
https://github.com/asaskevich/govalidator,v0.0.0-20230301143203-a9d515a09cc2
https://github.com/aws/aws-sdk-go,v1.55.6
https://github.com/aws/aws-sdk-go-v2,v1.11.17
https://github.com/aws/aws-sdk-go-v2,v1.11.3
https://github.com/aws/aws-sdk-go-v2,v1.13.0
https://github.com/aws/aws-sdk-go-v2,v1.13.3
https://github.com/aws/aws-sdk-go-v2,v1.16.11
https://github.com/aws/aws-sdk-go-v2,v1.17.15
https://github.com/aws/aws-sdk-go-v2,v1.17.27
https://github.com/aws/aws-sdk-go-v2,v1.17.8
https://github.com/aws/aws-sdk-go-v2,v1.18.3
https://github.com/aws/aws-sdk-go-v2,v1.18.4
https://github.com/aws/aws-sdk-go-v2,v1.19.3
https://github.com/aws/aws-sdk-go-v2,v1.22.4
https://github.com/aws/aws-sdk-go-v2,v1.26.4
https://github.com/aws/aws-sdk-go-v2,v1.27.27
https://github.com/aws/aws-sdk-go-v2,v1.28.0
https://github.com/aws/aws-sdk-go-v2,v1.3.15
https://github.com/aws/aws-sdk-go-v2,v1.3.17
https://github.com/aws/aws-sdk-go-v2,v1.30.3
https://github.com/aws/aws-sdk-go-v2,v1.31.0
https://github.com/aws/aws-sdk-go-v2,v1.33.0
https://github.com/aws/aws-sdk-go-v2,v1.37.0
https://github.com/aws/aws-sdk-go-v2,v1.38.0
https://github.com/aws/aws-sdk-go-v2,v1.4.3
https://github.com/aws/aws-sdk-go-v2,v1.58.2
https://github.com/aws/aws-sdk-go-v2,v1.6.3
https://github.com/aws/aws-sdk-go-v2,v1.7.0
https://github.com/aws/aws-sdk-go-v2,v1.8.0
https://github.com/aws/aws-sdk-go-v2,v1.8.3
https://github.com/aws/aws-sdk-go-v2,v1.87.0
https://github.com/aws/aws-sdk-go-v2,v2.6.15
https://github.com/aws/aws-sdk-go-v2,v2.7.3
https://github.com/aws/smithy-go,v1.20.3
https://github.com/aws/smithy-go,v1.22.5
https://github.com/bboreham/go-loser,v0.0.0-20230920113527-fcc2c21820a3
https://github.com/benbjohnson/clock,v1.1.0
https://github.com/beorn7/perks,v0.0.0-20180321164747-3a771d992973
https://github.com/beorn7/perks,v1.0.0
https://github.com/beorn7/perks,v1.0.1
https://github.com/blang/semver,v4.0.0
https://github.com/bshuster-repo/logrus-logstash-hook,v1.0.0
https://github.com/bufbuild/protovalidate-go,v0.9.1
https://github.com/buger/jsonparser,v1.1.1
https://github.com/bugsnag/bugsnag-go,v0.0.0-20141110184014-b1d153021fcd
https://github.com/bugsnag/osext,v0.0.0-20130617224835-0dd3f918b21b
https://github.com/bugsnag/panicwrap,v0.0.0-20151223152923-e2c28503fcd0
https://github.com/campoy/embedmd,v1.0.0
https://github.com/canonical/nrped,v1.0.0
https://github.com/cbeuw/connutil,v0.0.0-20200411215123-966bfaa51ee3
https://github.com/cenkalti/backoff,v4.2.1
https://github.com/cenkalti/backoff,v4.3.0
https://github.com/census-instrumentation/opencensus-go,v0.24.0
https://github.com/census-instrumentation/opencensus-proto,v0.2.1
https://github.com/cespare/xxhash,v2.1.1
https://github.com/cespare/xxhash,v2.2.0
https://github.com/cespare/xxhash,v2.3.0
https://github.com/chai2010/gettext-go,v1.0.2
https://github.com/chai2010/gettext-go,v1.0.3
https://github.com/cheggaaa/pb,v3.1.7
https://github.com/chromedp/cdproto,v0.0.0-20230802225258-3cf4e6d46a89
https://github.com/chromedp/chromedp,v0.9.2
https://github.com/chromedp/sysutil,v1.0.0
https://github.com/chzyer/logex,v1.2.1
https://github.com/chzyer/readline,v1.5.1
https://github.com/chzyer/test,v1.0.0
https://github.com/cilium/ebpf,v0.16.0
https://github.com/cilium/ebpf,v0.19.0
https://github.com/cilium/ebpf,v0.9.1
https://github.com/client9/misspell,v0.3.4
https://github.com/cncf-tags/container-device-interface,v0.8.0
https://github.com/cncf-tags/container-device-interface,v0.8.1
https://github.com/cncf/udpa,v0.0.0-20191209042840-269d4d468f6f
https://github.com/cncf/xds,v0.0.0-20240905190251-b4127c9b8d78
https://github.com/cncf/xds,v0.0.0-20241223141626-cff3c89139a3
https://github.com/cncf/xds,v0.0.0-20250121191232-2f005788dc42
https://github.com/cncf/xds,v0.0.0-20250501225837-2ac532fd4443
https://github.com/common-nighthawk/go-figure,v0.0.0-20210622060536-734e95fb86be
https://github.com/containerd/aufs,v1.0.0
https://github.com/containerd/btrfs,v2.0.0
https://github.com/containerd/cgroups,v1.1.0
https://github.com/containerd/cgroups,v3.0.2
https://github.com/containerd/cgroups,v3.0.3
https://github.com/containerd/cgroups,v3.0.5
https://github.com/containerd/console,v1.0.3
https://github.com/containerd/console,v1.0.4
https://github.com/containerd/containerd,v1.7.18
https://github.com/containerd/containerd,v1.7.19
https://github.com/containerd/containerd,v1.7.23
https://github.com/containerd/containerd,v1.7.24
https://github.com/containerd/containerd,v1.7.27
https://github.com/containerd/containerd,v1.8.0
https://github.com/containerd/containerd,v2.0.3
https://github.com/containerd/continuity,v0.4.2
https://github.com/containerd/continuity,v0.4.4
https://github.com/containerd/continuity,v0.4.5
https://github.com/containerd/errdefs,v0.3.0
https://github.com/containerd/errdefs,v1.0.0
https://github.com/containerd/fifo,v1.1.0
https://github.com/containerd/fuse-overlayfs-snapshotter,v2.1.1
https://github.com/containerd/go-cni,v1.1.12
https://github.com/containerd/go-cni,v1.1.9
https://github.com/containerd/go-runc,v1.0.0
https://github.com/containerd/go-runc,v1.1.0
https://github.com/containerd/imgcrypt,v1.1.8
https://github.com/containerd/log,v0.1.0
https://github.com/containerd/nri,v0.8.0
https://github.com/containerd/nydus-snapshotter,v0.15.0
https://github.com/containerd/platforms,v0.2.1
https://github.com/containerd/platforms,v1.0.0-rc.1
https://github.com/containerd/plugin,v1.0.0
https://github.com/containerd/protobuild,v0.3.0
https://github.com/containerd/stargz-snapshotter,v0.14.3
https://github.com/containerd/stargz-snapshotter,v0.16.3
https://github.com/containerd/ttrpc,v1.2.5
https://github.com/containerd/ttrpc,v1.2.7
https://github.com/containerd/typeurl,v1.0.2
https://github.com/containerd/typeurl,v2.1.1
https://github.com/containerd/typeurl,v2.2.0
https://github.com/containerd/typeurl,v2.2.3
https://github.com/containerd/zfs,v1.1.0
https://github.com/containernetworking/cni,v1.1.2
https://github.com/containernetworking/cni,v1.2.3
https://github.com/containernetworking/plugins,v1.2.0
https://github.com/containernetworking/plugins,v1.5.1
https://github.com/containernetworking/plugins,v1.6.2
https://github.com/containers/ocicrypt,v1.1.10
https://github.com/coreos/go-iptables,v0.8.0
https://github.com/coreos/go-oidc,v2.2.1+incompatible
https://github.com/coreos/go-oidc,v3.13.0
https://github.com/coreos/go-semver,v0.3.0
https://github.com/coreos/go-semver,v0.3.1
https://github.com/coreos/go-systemd,v22.3.2
https://github.com/coreos/go-systemd,v22.5.0
https://github.com/coreos/pkg,v0.0.0-20240122114842-bbd7aa9bf6fb
https://github.com/cpuguy83/dockercfg,v0.3.2
https://github.com/cpuguy83/go-md2man,v2.0.2
https://github.com/cpuguy83/go-md2man,v2.0.4
https://github.com/cpuguy83/go-md2man,v2.0.5
https://github.com/cpuguy83/go-md2man,v2.0.6
https://github.com/creack/pty,v1.1.18
https://github.com/creack/pty,v1.1.9
https://github.com/cyphar/filepath-securejoin,v0.2.3
https://github.com/cyphar/filepath-securejoin,v0.3.6
https://github.com/danieljoos/wincred,v1.2.1
https://github.com/davecgh/go-spew,v1.1.0
https://github.com/davecgh/go-spew,v1.1.1
https://github.com/davecgh/go-spew,v1.1.2-0.20180830191138-d8f796af33cc
https://github.com/decred/dcrd,v1.0.1
https://github.com/decred/dcrd,v4.2.0
https://github.com/decred/dcrd,v4.3.0
https://github.com/dennwc/varint,v1.0.0
https://github.com/digitalocean/godo,v1.132.0
https://github.com/digitalocean/godo,v1.136.0
https://github.com/dimchansky/utfbom,v1.1.1
https://github.com/distribution/distribution,v3.0.0-20221208165359-362910506bc2
https://github.com/distribution/reference,v0.5.0
https://github.com/distribution/reference,v0.6.0
https://github.com/docker/cli,v24.0.0+incompatible
https://github.com/docker/cli,v25.0.1+incompatible
https://github.com/docker/cli,v27.5.0+incompatible
https://github.com/docker/cli,v27.5.1+incompatible
https://github.com/docker/cli,v28.0.1+incompatible
https://github.com/docker/distribution,v2.8.2+incompatible
https://github.com/docker/distribution,v2.8.3+incompatible
https://github.com/docker/docker,v25.0.6+incompatible
https://github.com/docker/docker,v27.1.1+incompatible
https://github.com/docker/docker,v27.4.1+incompatible
https://github.com/docker/docker,v27.5.0+incompatible
https://github.com/docker/docker,v27.5.1+incompatible
https://github.com/docker/docker,v28.0.1+incompatible
https://github.com/docker/docker,v28.0.4+incompatible
https://github.com/docker/docker-credential-helpers,v0.7.0
https://github.com/docker/docker-credential-helpers,v0.8.2
https://github.com/docker/go-connections,v0.4.0
https://github.com/docker/go-connections,v0.5.0
https://github.com/docker/go-events,v0.0.0-20190806004212-e31b211e4f1c
https://github.com/docker/go-events,v0.0.0-20250114142523-c867878c5e32
https://github.com/docker/go-metrics,v0.0.1
https://github.com/docker/go-units,v0.5.0
https://github.com/docker/libtrust,v0.0.0-20150114040149-fa567046d9b1
https://github.com/docopt/docopt-go,v0.0.0-20180111231733-ee0de3bc6815
https://github.com/dominikh/go-tools,v0.0.0-20190102054323-c2f93a96b099
https://github.com/dominikh/go-tools,v0.0.0-20190523083050-ea95bdfd59fc
https://github.com/droundy/goopt,v0.0.0-20170604162106-0b8effe182da
https://github.com/dustin/go-humanize,v1.0.1
https://github.com/edsrzf/mmap-go,v1.2.0
https://github.com/elastic/crd-ref-docs,v0.1.0
https://github.com/elastic/go-freelru,v0.16.0
https://github.com/elastic/go-perf,v0.0.0-20241029065020-30bec95324b8
https://github.com/emicklei/go-restful,v3.10.1
https://github.com/emicklei/go-restful,v3.11.0
https://github.com/emicklei/go-restful,v3.12.0
https://github.com/emicklei/go-restful,v3.12.1
https://github.com/emicklei/go-restful,v3.12.2
https://github.com/emicklei/go-restful,v3.8.0
https://github.com/envoyproxy/go-control-plane,v0.1.0
https://github.com/envoyproxy/go-control-plane,v0.13.4
https://github.com/envoyproxy/go-control-plane,v0.13.5-0.20250415164843-6e146b543742
https://github.com/envoyproxy/go-control-plane,v0.9.0
https://github.com/envoyproxy/go-control-plane,v0.9.1-0.20191026205805-5f8ba28d4473
https://github.com/envoyproxy/go-control-plane,v0.9.4
https://github.com/envoyproxy/go-control-plane,v1.32.3
https://github.com/envoyproxy/go-control-plane,v1.32.4
https://github.com/envoyproxy/go-control-plane,v1.32.5-0.20250411033633-fceb350c06ca
https://github.com/envoyproxy/protoc-gen-validate,v0.1.0
https://github.com/envoyproxy/protoc-gen-validate,v1.0.4
https://github.com/envoyproxy/protoc-gen-validate,v1.2.1
https://github.com/etcd-io/bbolt,v1.3.10
https://github.com/etcd-io/bbolt,v1.3.11
https://github.com/etcd-io/etcd,v2.305.12
https://github.com/etcd-io/etcd,v2.305.16
https://github.com/etcd-io/etcd,v3.5.12
https://github.com/etcd-io/etcd,v3.5.16
https://github.com/evanphx/json-patch,v0.5.2
https://github.com/evanphx/json-patch,v4.12.0+incompatible
https://github.com/evanphx/json-patch,v5.9.0
https://github.com/evanphx/json-patch,v5.9.0+incompatible
https://github.com/evanphx/json-patch,v5.9.11
https://github.com/exponent-io/jsonpath,v0.0.0-20210407135951-1de76d718b3f
https://github.com/facette/natsort,v0.0.0-20181210072756-2cd4dd1e2dcb
https://github.com/fatih/camelcase,v1.0.0
https://github.com/fatih/color,v1.13.0
https://github.com/fatih/color,v1.14.1
https://github.com/fatih/color,v1.15.0
https://github.com/fatih/color,v1.16.0
https://github.com/fatih/color,v1.18.0
https://github.com/felixge/fgprof,v0.9.3
https://github.com/felixge/fgprof,v0.9.5
https://github.com/felixge/httpsnoop,v1.0.3
https://github.com/felixge/httpsnoop,v1.0.4
https://github.com/foxcpp/go-mockdns,v1.1.0
https://github.com/francoispqt/gojay,v1.2.13
https://github.com/frankban/quicktest,v1.14.6
https://github.com/fsnotify/fsnotify,v1.6.0
https://github.com/fsnotify/fsnotify,v1.7.0
https://github.com/fsnotify/fsnotify,v1.8.0
https://github.com/fxamacker/cbor,v2.4.0
https://github.com/fxamacker/cbor,v2.7.0
https://github.com/fxamacker/cbor,v2.8.0
https://github.com/ghodss/yaml,v1.0.0
https://github.com/go-errors/errors,v1.4.2
https://github.com/go-errors/errors,v1.5.1
https://github.com/go-gorp/gorp,v3.1.0
https://github.com/go-ini/ini,v1.67.0
https://github.com/go-jose/go-jose,v3.0.3
https://github.com/go-jose/go-jose,v4.0.5
https://github.com/go-kit/kit,v0.8.0
https://github.com/go-kit/kit,v0.9.0
https://github.com/go-kit/log,v0.1.0
https://github.com/go-logfmt/logfmt,v0.3.0
https://github.com/go-logfmt/logfmt,v0.4.0
https://github.com/go-logfmt/logfmt,v0.5.0
https://github.com/go-logr/logr,v0.1.0
https://github.com/go-logr/logr,v1.2.0
https://github.com/go-logr/logr,v1.2.2
https://github.com/go-logr/logr,v1.2.4
https://github.com/go-logr/logr,v1.4.1
https://github.com/go-logr/logr,v1.4.2
https://github.com/go-logr/logr,v1.4.3
https://github.com/go-logr/stdr,v1.2.2
https://github.com/go-logr/zapr,v1.3.0
https://github.com/go-ole/go-ole,v1.2.6
https://github.com/go-openapi/analysis,v0.23.0
https://github.com/go-openapi/errors,v0.22.0
https://github.com/go-openapi/jsonpointer,v0.19.6
https://github.com/go-openapi/jsonpointer,v0.21.0
https://github.com/go-openapi/jsonpointer,v0.21.1
https://github.com/go-openapi/jsonreference,v0.20.1
https://github.com/go-openapi/jsonreference,v0.20.2
https://github.com/go-openapi/jsonreference,v0.21.0
https://github.com/go-openapi/loads,v0.22.0
https://github.com/go-openapi/spec,v0.21.0
https://github.com/go-openapi/strfmt,v0.23.0
https://github.com/go-openapi/swag,v0.22.3
https://github.com/go-openapi/swag,v0.22.4
https://github.com/go-openapi/swag,v0.23.0
https://github.com/go-openapi/swag,v0.23.1
https://github.com/go-openapi/validate,v0.24.0
https://github.com/go-quicktest/qt,v1.101.1-0.20240301121107-c6c8733fa1e6
https://github.com/go-resty/resty,v2.16.3
https://github.com/go-stack/stack,v1.8.0
https://github.com/go-task/slim-sprig,v0.0.0-20230315185526-52ccab3ef572
https://github.com/go-task/slim-sprig,v3.0.0
https://github.com/go-viper/mapstructure,v2.2.1
https://github.com/go-zookeeper/zk,v1.0.4
https://github.com/gobuffalo/flect,v1.0.2
https://github.com/gobuffalo/flect,v1.0.3
https://github.com/gobwas/glob,v0.2.3
https://github.com/gobwas/httphead,v0.1.0
https://github.com/gobwas/pool,v0.2.1
https://github.com/gobwas/ws,v1.2.1
https://github.com/goccmack/gocc,v0.0.0-20230228185258-2292f9e40198
https://github.com/goccy/go-json,v0.10.2
https://github.com/goccy/go-json,v0.10.3
https://github.com/goccy/go-json,v0.10.4
https://github.com/goccy/go-json,v0.10.5
https://github.com/goccy/go-yaml,v1.11.0
https://github.com/goccy/go-yaml,v1.11.3
https://github.com/goccy/go-yaml,v1.18.0
https://github.com/godbus/dbus,v5.0.4
https://github.com/godbus/dbus,v5.1.0
https://github.com/gofrs/flock,v0.12.1
https://github.com/gogo/protobuf,v1.1.1
https://github.com/gogo/protobuf,v1.3.2
https://github.com/golang-jwt/jwt,v4.5.0
https://github.com/golang-jwt/jwt,v5.2.1
https://github.com/golang/appengine,v1.1.0
https://github.com/golang/appengine,v1.4.0
https://github.com/golang/appengine,v1.6.7
https://github.com/golang/appengine,v1.6.8
https://github.com/golang/freetype,v0.0.0-20170609003504-e2365dfdc4a0
https://github.com/golang/glog,v0.0.0-20160126235308-23def4e6c14b
https://github.com/golang/glog,v1.2.3
https://github.com/golang/glog,v1.2.4
https://github.com/golang/glog,v1.2.5
https://github.com/golang/groupcache,v0.0.0-20200121045136-8c9f03a8e57e
https://github.com/golang/groupcache,v0.0.0-20210331224755-41bb18bfe9da
https://github.com/golang/groupcache,v0.0.0-20241129210726-2c02b8208cf8
https://github.com/golang/mock,v1.1.1
https://github.com/golang/mock,v1.6.0
https://github.com/golang/protobuf,v1.2.0
https://github.com/golang/protobuf,v1.3.1
https://github.com/golang/protobuf,v1.3.2
https://github.com/golang/protobuf,v1.3.3
https://github.com/golang/protobuf,v1.4.0
https://github.com/golang/protobuf,v1.4.0-rc.1
https://github.com/golang/protobuf,v1.4.0-rc.1.0.20200221234624-67d41d38c208
https://github.com/golang/protobuf,v1.4.0-rc.2
https://github.com/golang/protobuf,v1.4.0-rc.4.0.20200313231945-b860323f09d0
https://github.com/golang/protobuf,v1.4.1
https://github.com/golang/protobuf,v1.4.2
https://github.com/golang/protobuf,v1.4.3
https://github.com/golang/protobuf,v1.5.0
https://github.com/golang/protobuf,v1.5.2
https://github.com/golang/protobuf,v1.5.3
https://github.com/golang/protobuf,v1.5.4
https://github.com/golang/snappy,v0.0.4
https://github.com/golang/snappy,v1.0.0
https://github.com/gomodule/redigo,v1.8.2
https://github.com/gomodules/jsonpatch,v2.4.0
https://github.com/gomodules/jsonpatch,v2.5.0
https://github.com/gonum/exp,v0.15.0
https://github.com/gonum/exp,v0.15.2
https://github.com/gonum/exp,v0.16.0
https://github.com/google/btree,v1.0.1
https://github.com/google/btree,v1.1.3
https://github.com/google/cel-go,v0.22.0
https://github.com/google/cel-go,v0.22.1
https://github.com/google/cel-go,v0.23.0
https://github.com/google/cel-spec,v0.15.0
https://github.com/google/cel-spec,v0.18.0
https://github.com/google/cel-spec,v0.19.1
https://github.com/google/cel-spec,v0.24.0
https://github.com/google/flatbuffers,v24.3.25+incompatible
https://github.com/google/flatbuffers,v25.2.10+incompatible
https://github.com/google/gnostic-models,v0.6.8
https://github.com/google/gnostic-models,v0.6.9
https://github.com/google/go-cmp,v0.2.0
https://github.com/google/go-cmp,v0.3.0
https://github.com/google/go-cmp,v0.3.1
https://github.com/google/go-cmp,v0.4.0
https://github.com/google/go-cmp,v0.4.1
https://github.com/google/go-cmp,v0.5.0
https://github.com/google/go-cmp,v0.5.3
https://github.com/google/go-cmp,v0.5.4
https://github.com/google/go-cmp,v0.5.5
https://github.com/google/go-cmp,v0.5.9
https://github.com/google/go-cmp,v0.6.0
https://github.com/google/go-cmp,v0.7.0
https://github.com/google/go-containerregistry,v0.20.1
https://github.com/google/go-containerregistry,v0.20.3
https://github.com/google/go-querystring,v1.1.0
https://github.com/google/gofuzz,v1.0.0
https://github.com/google/gofuzz,v1.1.0
https://github.com/google/gofuzz,v1.2.0
https://github.com/google/gopacket,v1.1.19
https://github.com/google/pprof,v0.0.0-20210407192527-94a9f03dee38
https://github.com/google/pprof,v0.0.0-20210720184732-4bb14d4b1be1
https://github.com/google/pprof,v0.0.0-20240227163752-401108e1b7e7
https://github.com/google/pprof,v0.0.0-20240424215950-a892ee059fd6
https://github.com/google/pprof,v0.0.0-20240525223248-4bfdf5a9a2af
https://github.com/google/pprof,v0.0.0-20240727154555-813a5fbdbec8
https://github.com/google/pprof,v0.0.0-20241029153458-d1b30febd7db
https://github.com/google/pprof,v0.0.0-20241210010833-40e02aabc2ad
https://github.com/google/pprof,v0.0.0-20250607225305-033d6d78b36a
https://github.com/google/s2a-go,v0.1.7
https://github.com/google/s2a-go,v0.1.9
https://github.com/google/safetext,v0.0.0-20220905092116-b49f7bc46da2
https://github.com/google/shlex,v0.0.0-20191202100458-e7afc7fbc510
https://github.com/google/uuid,v1.1.2
https://github.com/google/uuid,v1.3.0
https://github.com/google/uuid,v1.4.0
https://github.com/google/uuid,v1.6.0
https://github.com/googleapis/enterprise-certificate-proxy,v0.3.2
https://github.com/googleapis/enterprise-certificate-proxy,v0.3.4
https://github.com/googleapis/enterprise-certificate-proxy,v0.3.5
https://github.com/googleapis/gax-go,v2.12.0
https://github.com/googleapis/gax-go,v2.12.3
https://github.com/googleapis/gax-go,v2.14.1
https://github.com/googleapis/go-genproto,v0.0.0-20180817151627-c66870c02cf8
https://github.com/googleapis/go-genproto,v0.0.0-20190819201941-24fa4b261c55
https://github.com/googleapis/go-genproto,v0.0.0-20200423170343-7949de9c1215
https://github.com/googleapis/go-genproto,v0.0.0-20200526211855-cb27e3aa2013
https://github.com/googleapis/go-genproto,v0.0.0-20230525234030-28d5490b6b19
https://github.com/googleapis/go-genproto,v0.0.0-20230731190214-cbb8c96f2d6d
https://github.com/googleapis/go-genproto,v0.0.0-20230822172742-b8732ec3820d
https://github.com/googleapis/go-genproto,v0.0.0-20231106174013-bbf56f31fb17
https://github.com/googleapis/go-genproto,v0.0.0-20231120223509-83a465c0220f
https://github.com/googleapis/go-genproto,v0.0.0-20231211222908-989df2bf70f3
https://github.com/googleapis/go-genproto,v0.0.0-20240123012728-ef4313101c80
https://github.com/googleapis/go-genproto,v0.0.0-20240213162025-012b6fc9bca9
https://github.com/googleapis/go-genproto,v0.0.0-20240311132316-a219d84964c2
https://github.com/googleapis/go-genproto,v0.0.0-20240314234333-6e1732d8331c
https://github.com/googleapis/go-genproto,v0.0.0-20240318140521-94a12d6c2237
https://github.com/googleapis/go-genproto,v0.0.0-20240401170217-c3f982113cda
https://github.com/googleapis/go-genproto,v0.0.0-20240415180920-8c6c420018be
https://github.com/googleapis/go-genproto,v0.0.0-20240826202546-f6391c0de4c7
https://github.com/googleapis/go-genproto,v0.0.0-20240903143218-8af14fe29dc1
https://github.com/googleapis/go-genproto,v0.0.0-20241021214115-324edc3d5d38
https://github.com/googleapis/go-genproto,v0.0.0-20250102185135-69823020774d
https://github.com/googleapis/go-genproto,v0.0.0-20250106144421-5f5ef82da422
https://github.com/googleapis/go-genproto,v0.0.0-20250115164207-1a7da9e5054f
https://github.com/googleapis/go-genproto,v0.0.0-20250204164813-702378808489
https://github.com/googleapis/go-genproto,v0.0.0-20250218202821-56aae31c358a
https://github.com/googleapis/go-genproto,v0.0.0-20250227231956-55c901821b1e
https://github.com/googleapis/go-genproto,v0.0.0-20250303144028-a0af3efb3deb
https://github.com/googleapis/go-genproto,v0.0.0-20250313205543-e70fdf4c4cb4
https://github.com/googleapis/go-genproto,v0.0.0-20250324211829-b45e905df463
https://github.com/googleapis/go-genproto,v0.0.0-20250409194420-de1ac958c67a
https://github.com/googleapis/go-genproto,v0.0.0-20250414145226-207652e42e2e
https://github.com/googleapis/go-genproto,v0.0.0-20250519155744-55703ea1f237
https://github.com/googleapis/go-genproto,v0.0.0-20250528174236-200df99c418a
https://github.com/googleapis/google-api-go-client,v0.152.0
https://github.com/googleapis/google-api-go-client,v0.171.0
https://github.com/googleapis/google-api-go-client,v0.218.0
https://github.com/googleapis/google-api-go-client,v0.224.0
https://github.com/googleapis/google-cloud-go,v0.10.5
https://github.com/googleapis/google-cloud-go,v0.10.6
https://github.com/googleapis/google-cloud-go,v0.11.1
https://github.com/googleapis/google-cloud-go,v0.110.10
https://github.com/googleapis/google-cloud-go,v0.112.1
https://github.com/googleapis/google-cloud-go,v0.12.3
https://github.com/googleapis/google-cloud-go,v0.120.0
https://github.com/googleapis/google-cloud-go,v0.14.0
https://github.com/googleapis/google-cloud-go,v0.15.0
https://github.com/googleapis/google-cloud-go,v0.15.5
https://github.com/googleapis/google-cloud-go,v0.2.3
https://github.com/googleapis/google-cloud-go,v0.2.7
https://github.com/googleapis/google-cloud-go,v0.26.0
https://github.com/googleapis/google-cloud-go,v0.27.1
https://github.com/googleapis/google-cloud-go,v0.3.0
https://github.com/googleapis/google-cloud-go,v0.3.2
https://github.com/googleapis/google-cloud-go,v0.34.0
https://github.com/googleapis/google-cloud-go,v0.5.0
https://github.com/googleapis/google-cloud-go,v0.5.5
https://github.com/googleapis/google-cloud-go,v0.6.0
https://github.com/googleapis/google-cloud-go,v0.6.6
https://github.com/googleapis/google-cloud-go,v0.7.0
https://github.com/googleapis/google-cloud-go,v0.9.5
https://github.com/googleapis/google-cloud-go,v1.1.5
https://github.com/googleapis/google-cloud-go,v1.10.1
https://github.com/googleapis/google-cloud-go,v1.10.5
https://github.com/googleapis/google-cloud-go,v1.11.5
https://github.com/googleapis/google-cloud-go,v1.11.6
https://github.com/googleapis/google-cloud-go,v1.11.7
https://github.com/googleapis/google-cloud-go,v1.12.0
https://github.com/googleapis/google-cloud-go,v1.12.1
https://github.com/googleapis/google-cloud-go,v1.12.3
https://github.com/googleapis/google-cloud-go,v1.12.4
https://github.com/googleapis/google-cloud-go,v1.12.5
https://github.com/googleapis/google-cloud-go,v1.13.0
https://github.com/googleapis/google-cloud-go,v1.13.4
https://github.com/googleapis/google-cloud-go,v1.13.5
https://github.com/googleapis/google-cloud-go,v1.14.0
https://github.com/googleapis/google-cloud-go,v1.14.3
https://github.com/googleapis/google-cloud-go,v1.14.4
https://github.com/googleapis/google-cloud-go,v1.14.5
https://github.com/googleapis/google-cloud-go,v1.14.6
https://github.com/googleapis/google-cloud-go,v1.15.0
https://github.com/googleapis/google-cloud-go,v1.15.4
https://github.com/googleapis/google-cloud-go,v1.16.3
https://github.com/googleapis/google-cloud-go,v1.17.0
https://github.com/googleapis/google-cloud-go,v1.17.2
https://github.com/googleapis/google-cloud-go,v1.18.0
https://github.com/googleapis/google-cloud-go,v1.18.1
https://github.com/googleapis/google-cloud-go,v1.18.2
https://github.com/googleapis/google-cloud-go,v1.18.4
https://github.com/googleapis/google-cloud-go,v1.19.3
https://github.com/googleapis/google-cloud-go,v1.19.4
https://github.com/googleapis/google-cloud-go,v1.20.0
https://github.com/googleapis/google-cloud-go,v1.20.1
https://github.com/googleapis/google-cloud-go,v1.20.3
https://github.com/googleapis/google-cloud-go,v1.20.5
https://github.com/googleapis/google-cloud-go,v1.21.1
https://github.com/googleapis/google-cloud-go,v1.22.0
https://github.com/googleapis/google-cloud-go,v1.22.1
https://github.com/googleapis/google-cloud-go,v1.23.3
https://github.com/googleapis/google-cloud-go,v1.23.4
https://github.com/googleapis/google-cloud-go,v1.24.0
https://github.com/googleapis/google-cloud-go,v1.24.1
https://github.com/googleapis/google-cloud-go,v1.25.0
https://github.com/googleapis/google-cloud-go,v1.26.1
https://github.com/googleapis/google-cloud-go,v1.26.4
https://github.com/googleapis/google-cloud-go,v1.3.4
https://github.com/googleapis/google-cloud-go,v1.3.5
https://github.com/googleapis/google-cloud-go,v1.35.1
https://github.com/googleapis/google-cloud-go,v1.36.0
https://github.com/googleapis/google-cloud-go,v1.36.1
https://github.com/googleapis/google-cloud-go,v1.4.2
https://github.com/googleapis/google-cloud-go,v1.42.3
https://github.com/googleapis/google-cloud-go,v1.49.0
https://github.com/googleapis/google-cloud-go,v1.5.0
https://github.com/googleapis/google-cloud-go,v1.5.2
https://github.com/googleapis/google-cloud-go,v1.5.5
https://github.com/googleapis/google-cloud-go,v1.6.4
https://github.com/googleapis/google-cloud-go,v1.67.0
https://github.com/googleapis/google-cloud-go,v1.68.1
https://github.com/googleapis/google-cloud-go,v1.7.5
https://github.com/googleapis/google-cloud-go,v1.7.6
https://github.com/googleapis/google-cloud-go,v1.79.0
https://github.com/googleapis/google-cloud-go,v1.8.2
https://github.com/googleapis/google-cloud-go,v1.8.3
https://github.com/googleapis/google-cloud-go,v1.8.5
https://github.com/googleapis/google-cloud-go,v1.8.6
https://github.com/googleapis/google-cloud-go,v1.81.0
https://github.com/googleapis/google-cloud-go,v1.9.2
https://github.com/googleapis/google-cloud-go,v1.9.4
https://github.com/googleapis/google-cloud-go,v1.9.5
https://github.com/googleapis/google-cloud-go,v2.11.1
https://github.com/googleapis/google-cloud-go,v2.20.2
https://github.com/googleapis/google-cloud-go,v2.9.4
https://github.com/googleapis/google-cloud-go-testing,v0.0.0-20210719221736-1c9a4c676720
https://github.com/gophercloud/gophercloud,v2.4.0
https://github.com/gophercloud/gophercloud,v2.6.0
https://github.com/gorilla/handlers,v1.5.1
https://github.com/gorilla/mux,v1.8.0
https://github.com/gorilla/mux,v1.8.1
https://github.com/gorilla/websocket,v1.5.0
https://github.com/gorilla/websocket,v1.5.1
https://github.com/gorilla/websocket,v1.5.3
https://github.com/gosnmp/gosnmp,v1.42.1
https://github.com/gosuri/uitable,v0.0.4
https://github.com/gotestyourself/gotest.tools,v3.0.3
https://github.com/grafana/regexp,v0.0.0-20240518133315-a468a5bfb3bc
https://github.com/gregjones/httpcache,v0.0.0-20180305231024-9cad4c3443a7
https://github.com/gregjones/httpcache,v0.0.0-20190611155906-901d90724c79
https://github.com/grpc-ecosystem/go-grpc-middleware,v1.0.1
https://github.com/grpc-ecosystem/go-grpc-middleware,v1.3.0
https://github.com/grpc-ecosystem/go-grpc-middleware,v1.4.0
https://github.com/grpc-ecosystem/go-grpc-middleware,v2.1.0
https://github.com/grpc-ecosystem/go-grpc-middleware,v2.3.1
https://github.com/grpc-ecosystem/go-grpc-prometheus,v1.2.0
https://github.com/grpc-ecosystem/grpc-gateway,v1.16.0
https://github.com/grpc-ecosystem/grpc-gateway,v2.16.0
https://github.com/grpc-ecosystem/grpc-gateway,v2.20.0
https://github.com/grpc-ecosystem/grpc-gateway,v2.22.0
https://github.com/grpc-ecosystem/grpc-gateway,v2.25.1
https://github.com/grpc-ecosystem/grpc-gateway,v2.26.1
https://github.com/grpc-ecosystem/grpc-gateway,v2.26.3
https://github.com/grpc/grpc-go,v1.19.0
https://github.com/grpc/grpc-go,v1.23.0
https://github.com/grpc/grpc-go,v1.25.1
https://github.com/grpc/grpc-go,v1.27.0
https://github.com/grpc/grpc-go,v1.29.1
https://github.com/grpc/grpc-go,v1.33.2
https://github.com/grpc/grpc-go,v1.5.1
https://github.com/grpc/grpc-go,v1.56.3
https://github.com/grpc/grpc-go,v1.57.1
https://github.com/grpc/grpc-go,v1.58.2
https://github.com/grpc/grpc-go,v1.59.0
https://github.com/grpc/grpc-go,v1.62.1
https://github.com/grpc/grpc-go,v1.63.2
https://github.com/grpc/grpc-go,v1.64.1
https://github.com/grpc/grpc-go,v1.65.0
https://github.com/grpc/grpc-go,v1.67.0
https://github.com/grpc/grpc-go,v1.67.1
https://github.com/grpc/grpc-go,v1.69.2
https://github.com/grpc/grpc-go,v1.69.4
https://github.com/grpc/grpc-go,v1.70.0
https://github.com/grpc/grpc-go,v1.71.0
https://github.com/grpc/grpc-go,v1.71.1
https://github.com/grpc/grpc-go,v1.74.2
https://github.com/hamba/avro,v2.20.1
https://github.com/hanwen/go-fuse,v2.6.3
https://github.com/hashicorp/consul,v1.28.2
https://github.com/hashicorp/consul,v1.31.0
https://github.com/hashicorp/consul,v1.31.2
https://github.com/hashicorp/cronexpr,v1.1.2
https://github.com/hashicorp/errwrap,v1.0.0
https://github.com/hashicorp/errwrap,v1.1.0
https://github.com/hashicorp/go-cleanhttp,v0.5.2
https://github.com/hashicorp/go-hclog,v1.5.0
https://github.com/hashicorp/go-hclog,v1.6.3
https://github.com/hashicorp/go-immutable-radix,v1.3.1
https://github.com/hashicorp/go-immutable-radix,v2.1.0
https://github.com/hashicorp/go-multierror,v1.1.1
https://github.com/hashicorp/go-retryablehttp,v0.7.7
https://github.com/hashicorp/go-rootcerts,v1.0.2
https://github.com/hashicorp/go-version,v1.7.0
https://github.com/hashicorp/golang-lru,v0.5.4
https://github.com/hashicorp/golang-lru,v0.6.0
https://github.com/hashicorp/golang-lru,v2.0.7
https://github.com/hashicorp/hcl,v1.0.0
https://github.com/hashicorp/nomad,v0.0.0-20241218080744-e3ac00f30eec
https://github.com/hashicorp/serf,v0.10.1
https://github.com/helm/helm,v3.17.3
https://github.com/hetznercloud/hcloud-go,v2.18.0
https://github.com/hetznercloud/hcloud-go,v2.19.1
https://github.com/hexops/gotextdiff,v1.0.3
https://github.com/howardjohn/unshare-go,v0.5.0
https://github.com/huandu/xstrings,v1.3.3
https://github.com/huandu/xstrings,v1.5.0
https://github.com/iancoleman/strcase,v0.3.0
https://github.com/ianlancetaylor/demangle,v0.0.0-20230524184225-eabc099b10ab
https://github.com/ianlancetaylor/demangle,v0.0.0-20240312041847-bd984b5ce465
https://github.com/ianlancetaylor/demangle,v0.0.0-20250417193237-f615e6bd150b
https://github.com/imdario/mergo,v0.3.11
https://github.com/imdario/mergo,v0.3.12
https://github.com/imdario/mergo,v0.3.6
https://github.com/imdario/mergo,v1.0.0
https://github.com/imdario/mergo,v1.0.1
https://github.com/in-toto/in-toto-golang,v0.5.0
https://github.com/inconshreveable/mousetrap,v1.1.0
https://github.com/insomniacslk/dhcp,v0.0.0-20240829085014-a3a4c1f04475
https://github.com/intel/goresctrl,v0.5.0
https://github.com/ionos-cloud/sdk-go,v6.3.2
https://github.com/istio/api,v1.26.0-alpha.0.0.20250418093427-399a2989a851
https://github.com/istio/api,v1.26.0-beta.0
https://github.com/istio/client-go,v1.26.0-beta.0
https://github.com/itchyny/timefmt-go,v0.1.6
https://github.com/jessevdk/go-flags,v1.6.1
https://github.com/jimlawless/cfg,v0.0.0-20160326141742-136e0c264d31
https://github.com/jmespath/go-jmespath,v0.4.0
https://github.com/jmoiron/sqlx,v1.4.0
https://github.com/jonboulle/clockwork,v0.4.0
https://github.com/josephspurrier/goversioninfo,v1.4.0
https://github.com/josharian/intern,v1.0.0
https://github.com/josharian/native,v1.1.0
https://github.com/jpillora/backoff,v1.0.0
https://github.com/jsimonetti/rtnetlink,v0.0.0-20190606172950-9527aa82566a
https://github.com/jsimonetti/rtnetlink,v0.0.0-20200117123717-f846d4f6c1f4
https://github.com/jsimonetti/rtnetlink,v2.0.1
https://github.com/jsimonetti/rtnetlink,v2.0.3
https://github.com/json-iterator/go,v1.1.10
https://github.com/json-iterator/go,v1.1.11
https://github.com/json-iterator/go,v1.1.12
https://github.com/json-iterator/go,v1.1.6
https://github.com/julienschmidt/httprouter,v1.2.0
https://github.com/julienschmidt/httprouter,v1.3.0
https://github.com/kisielk/errcheck,v1.5.0
https://github.com/kisielk/gotool,v1.0.0
https://github.com/klauspost/asmfmt,v1.3.2
https://github.com/klauspost/compress,v1.16.7
https://github.com/klauspost/compress,v1.17.11
https://github.com/klauspost/compress,v1.17.2
https://github.com/klauspost/compress,v1.17.7
https://github.com/klauspost/compress,v1.17.9
https://github.com/klauspost/compress,v1.18.0
https://github.com/klauspost/cpuid,v2.0.4
https://github.com/klauspost/cpuid,v2.0.9
https://github.com/klauspost/cpuid,v2.2.11
https://github.com/klauspost/cpuid,v2.2.3
https://github.com/klauspost/cpuid,v2.2.7
https://github.com/klauspost/cpuid,v2.2.8
https://github.com/knadh/koanf,v0.1.0
https://github.com/knadh/koanf,v0.1.1
https://github.com/knadh/koanf,v2.1.2
https://github.com/kolo/xmlrpc,v0.0.0-20220921171641-a4b6fa1dd06b
https://github.com/konsorten/go-windows-terminal-sequences,v1.0.1
https://github.com/konsorten/go-windows-terminal-sequences,v1.0.3
https://github.com/kr/fs,v0.1.0
https://github.com/kr/logfmt,v0.0.0-20140226030751-b84e30acd515
https://github.com/kr/pretty,v0.1.0
https://github.com/kr/pretty,v0.2.1
https://github.com/kr/pretty,v0.3.0
https://github.com/kr/pretty,v0.3.1
https://github.com/kr/pty,v1.1.1
https://github.com/kr/text,v0.1.0
https://github.com/kr/text,v0.2.0
https://github.com/kubernetes-sigs/apiserver-network-proxy,v0.31.0
https://github.com/kubernetes-sigs/apiserver-network-proxy,v0.31.1
https://github.com/kubernetes-sigs/controller-runtime,v0.18.2
https://github.com/kubernetes-sigs/controller-runtime,v0.20.4
https://github.com/kubernetes-sigs/controller-tools,v0.15.0
https://github.com/kubernetes-sigs/controller-tools,v0.17.3
https://github.com/kubernetes-sigs/gateway-api,v1.3.0
https://github.com/kubernetes-sigs/json,v0.0.0-20221116044647-bc3834ca7abd
https://github.com/kubernetes-sigs/json,v0.0.0-20241010143419-9aa6b5e7a4b3
https://github.com/kubernetes-sigs/json,v0.0.0-20241014173422-cfa47c3a1cc8
https://github.com/kubernetes-sigs/kind,v0.23.0
https://github.com/kubernetes-sigs/knftables,v0.0.18
https://github.com/kubernetes-sigs/kustomize,v0.18.0
https://github.com/kubernetes-sigs/kustomize,v0.18.1
https://github.com/kubernetes-sigs/kustomize,v5.5.0
https://github.com/kubernetes-sigs/mcs-api,v0.1.1-0.20240624222831-d7001fe1d21c
https://github.com/kubernetes-sigs/randfill,v0.0.0-20250304075658-069ef1bbf016
https://github.com/kubernetes-sigs/randfill,v1.0.0
https://github.com/kubernetes-sigs/structured-merge-diff,v4.2.3
https://github.com/kubernetes-sigs/structured-merge-diff,v4.4.1
https://github.com/kubernetes-sigs/structured-merge-diff,v4.4.2
https://github.com/kubernetes-sigs/structured-merge-diff,v4.5.0
https://github.com/kubernetes-sigs/structured-merge-diff,v4.6.0
https://github.com/kubernetes-sigs/structured-merge-diff,v4.7.0
https://github.com/kubernetes-sigs/yaml,v1.2.0
https://github.com/kubernetes-sigs/yaml,v1.3.0
https://github.com/kubernetes-sigs/yaml,v1.4.0
https://github.com/kubernetes/api,v0.26.2
https://github.com/kubernetes/api,v0.30.0
https://github.com/kubernetes/api,v0.31.1
https://github.com/kubernetes/api,v0.31.3
https://github.com/kubernetes/api,v0.32.1
https://github.com/kubernetes/api,v0.32.2
https://github.com/kubernetes/api,v0.32.3
https://github.com/kubernetes/apiextensions-apiserver,v0.30.0
https://github.com/kubernetes/apiextensions-apiserver,v0.32.1
https://github.com/kubernetes/apiextensions-apiserver,v0.32.2
https://github.com/kubernetes/apiextensions-apiserver,v0.32.3
https://github.com/kubernetes/apimachinery,v0.27.4
https://github.com/kubernetes/apimachinery,v0.30.0
https://github.com/kubernetes/apimachinery,v0.31.1
https://github.com/kubernetes/apimachinery,v0.31.3
https://github.com/kubernetes/apimachinery,v0.32.1
https://github.com/kubernetes/apimachinery,v0.32.2
https://github.com/kubernetes/apimachinery,v0.32.3
https://github.com/kubernetes/apiserver,v0.26.2
https://github.com/kubernetes/apiserver,v0.32.1
https://github.com/kubernetes/apiserver,v0.32.2
https://github.com/kubernetes/apiserver,v0.32.3
https://github.com/kubernetes/cli-runtime,v0.32.2
https://github.com/kubernetes/cli-runtime,v0.32.3
https://github.com/kubernetes/client-go,v0.26.2
https://github.com/kubernetes/client-go,v0.30.0
https://github.com/kubernetes/client-go,v0.31.1
https://github.com/kubernetes/client-go,v0.31.3
https://github.com/kubernetes/client-go,v0.32.1
https://github.com/kubernetes/client-go,v0.32.2
https://github.com/kubernetes/client-go,v0.32.3
https://github.com/kubernetes/code-generator,v0.30.0
https://github.com/kubernetes/code-generator,v0.32.3
https://github.com/kubernetes/component-base,v0.26.2
https://github.com/kubernetes/component-base,v0.32.1
https://github.com/kubernetes/component-base,v0.32.2
https://github.com/kubernetes/component-base,v0.32.3
https://github.com/kubernetes/component-helpers,v0.32.3
https://github.com/kubernetes/cri-api,v0.27.1
https://github.com/kubernetes/gengo,v2.0.0-20240228010128-51d4e06bde70
https://github.com/kubernetes/gengo,v2.0.0-20240826214909-a7b603a56eb7
https://github.com/kubernetes/gengo,v2.0.0-20240911193312-2b36238f13e9
https://github.com/kubernetes/klog,v1.0.0
https://github.com/kubernetes/klog,v2.0.0
https://github.com/kubernetes/klog,v2.120.1
https://github.com/kubernetes/klog,v2.130.1
https://github.com/kubernetes/klog,v2.80.1
https://github.com/kubernetes/klog,v2.90.1
https://github.com/kubernetes/kms,v0.32.3
https://github.com/kubernetes/kube-openapi,v0.0.0-20231010175941-2dd684a91f00
https://github.com/kubernetes/kube-openapi,v0.0.0-20240228011516-70dd3763d340
https://github.com/kubernetes/kube-openapi,v0.0.0-20241105132330-32ad38e42d3f
https://github.com/kubernetes/kube-openapi,v0.0.0-20241212222426-2c72e554b1e7
https://github.com/kubernetes/kube-openapi,v0.0.0-20250318190949-c8a335a9a2ff
https://github.com/kubernetes/kubectl,v0.32.2
https://github.com/kubernetes/kubectl,v0.32.3
https://github.com/kubernetes/metrics,v0.32.3
https://github.com/kubernetes/utils,v0.0.0-20230220204549-a5ecb0141aa5
https://github.com/kubernetes/utils,v0.0.0-20230726121419-3b25d923346b
https://github.com/kubernetes/utils,v0.0.0-20240711033017-18e509b52bc8
https://github.com/kubernetes/utils,v0.0.0-20241104100929-3ea5e8cea738
https://github.com/kubernetes/utils,v0.0.0-20241210054802-24370beab758
https://github.com/kubernetes/utils,v0.0.0-20250321185631-1f6e0b77f77e
https://github.com/kylelemons/godebug,v1.1.0
https://github.com/lann/builder,v0.0.0-20180802200727-47ae307949d0
https://github.com/lann/ps,v0.0.0-20150810152359-62de8c46ede0
https://github.com/ledongthuc/pdf,v0.0.0-20220302134840-0c2507a12d80
https://github.com/lestrrat-go/backoff,v2.0.8
https://github.com/lestrrat-go/blackmagic,v1.0.2
https://github.com/lestrrat-go/httpcc,v1.0.1
https://github.com/lestrrat-go/iter,v1.0.2
https://github.com/lestrrat-go/jwx,v1.2.29
https://github.com/lestrrat-go/jwx,v1.2.30
https://github.com/lestrrat-go/option,v1.0.0
https://github.com/lestrrat-go/option,v1.0.1
https://github.com/lib/pq,v1.10.9
https://github.com/liggitt/tabwriter,v0.0.0-20181228230101-89fcab3d43de
https://github.com/linode/linodego,v1.46.0
https://github.com/linode/linodego,v1.47.0
https://github.com/linuxkit/virtsock,v0.0.0-20201010232012-f8cee7dfc7a3
https://github.com/lithammer/dedent,v1.1.0
https://github.com/lufia/plan9stats,v0.0.0-20211012122336-39d0f177ccd0
https://github.com/lyft/protoc-gen-star,v2.0.4-0.20230330145011-496ad1ac90a4
https://github.com/magefile/mage,v1.14.0
https://github.com/magiconair/properties,v1.8.7
https://github.com/magiconair/properties,v1.8.9
https://github.com/mailru/easyjson,v0.7.7
https://github.com/mailru/easyjson,v0.9.0
https://github.com/mattn/go-colorable,v0.1.13
https://github.com/mattn/go-colorable,v0.1.14
https://github.com/mattn/go-isatty,v0.0.17
https://github.com/mattn/go-isatty,v0.0.19
https://github.com/mattn/go-isatty,v0.0.20
https://github.com/mattn/go-runewidth,v0.0.16
https://github.com/mattn/go-runewidth,v0.0.9
https://github.com/mattn/go-shellwords,v1.0.12
https://github.com/matttproud/golang_protobuf_extensions,v1.0.1
https://github.com/matttproud/golang_protobuf_extensions,v1.0.4
https://github.com/mdlayher/kobject,v0.0.0-20200520190114-19ca17470d7d
https://github.com/mdlayher/netlink,v0.0.0-20190409211403-11939a169225
https://github.com/mdlayher/netlink,v1.0.0
https://github.com/mdlayher/netlink,v1.1.0
https://github.com/mdlayher/netlink,v1.7.2
https://github.com/mdlayher/packet,v1.1.2
https://github.com/mdlayher/socket,v0.4.1
https://github.com/mdlayher/socket,v0.5.1
https://github.com/mdlayher/vsock,v1.2.1
https://github.com/miekg/dns,v1.1.57
https://github.com/miekg/dns,v1.1.63
https://github.com/miekg/dns,v1.1.65
https://github.com/miekg/pkcs11,v1.1.1
https://github.com/minio/asm2plan9s,v0.0.0-20200509001527-cdd76441f9d8
https://github.com/minio/c2goasm,v0.0.0-20190812172519-36a3d3bbc4f3
https://github.com/minio/sha256-simd,v1.0.0
https://github.com/minio/sha256-simd,v1.0.1
https://github.com/mistifyio/go-zfs,v3.0.1
https://github.com/mitchellh/copystructure,v1.2.0
https://github.com/mitchellh/go-homedir,v1.1.0
https://github.com/mitchellh/go-wordwrap,v1.0.1
https://github.com/mitchellh/hashstructure,v2.0.2
https://github.com/mitchellh/mapstructure,v1.5.0
https://github.com/mitchellh/reflectwalk,v1.0.2
https://github.com/moby/buildkit,v0.20.1
https://github.com/moby/docker-image-spec,v1.3.1
https://github.com/moby/locker,v1.0.1
https://github.com/moby/patternmatcher,v0.6.0
https://github.com/moby/spdystream,v0.2.0
https://github.com/moby/spdystream,v0.4.0
https://github.com/moby/spdystream,v0.5.0
https://github.com/moby/sys,v0.1.0
https://github.com/moby/sys,v0.2.0
https://github.com/moby/sys,v0.3.0
https://github.com/moby/sys,v0.3.4
https://github.com/moby/sys,v0.4.0
https://github.com/moby/sys,v0.5.0
https://github.com/moby/sys,v0.6.0
https://github.com/moby/sys,v0.6.2
https://github.com/moby/sys,v0.7.0
https://github.com/moby/sys,v0.7.1
https://github.com/moby/sys,v0.7.2
https://github.com/moby/term,v0.0.0-20210619224110-3f7ff695adc6
https://github.com/moby/term,v0.0.0-20221205130635-1aeaba878587
https://github.com/moby/term,v0.5.0
https://github.com/moby/term,v0.5.2
https://github.com/modern-go/concurrent,v0.0.0-20180228061459-e0a39a4cb421
https://github.com/modern-go/concurrent,v0.0.0-20180306012644-bacd9c7ef1dd
https://github.com/modern-go/reflect2,v0.0.0-20180701023420-4b7aa43c6742
https://github.com/modern-go/reflect2,v1.0.1
https://github.com/modern-go/reflect2,v1.0.2
https://github.com/modern-go/reflect2,v1.0.3-0.20250322232337-35a7c28c31ee
https://github.com/mongodb/mongo-go-driver.git,v1.14.0
https://github.com/monochromegane/go-gitignore,v0.0.0-20200626010858-205db1a8cc00
https://github.com/morikuni/aec,v1.0.0
https://github.com/mozilla-services/pkcs7,v0.0.0-20200128120323-432b2356ecb1
https://github.com/munnerz/goautoneg,v0.0.0-20120707110453-a547fc61f48d
https://github.com/munnerz/goautoneg,v0.0.0-20191010083416-a7dc8b61c822
https://github.com/mwitkow/go-conntrack,v0.0.0-20161129095857-cc309e4a2223
https://github.com/mwitkow/go-conntrack,v0.0.0-20190716064945-2f068394615f
https://github.com/mxk/go-flowrate,v0.0.0-20140419014527-cca7078d478f
https://github.com/nats-io/nats.go,v1.34.0
https://github.com/nats-io/nkeys,v0.4.7
https://github.com/nats-io/nuid,v1.0.1
https://github.com/ncruces/go-strftime,v0.1.9
https://github.com/networkplumbing/go-nft,v0.4.0
https://github.com/nsf/jsondiff,v0.0.0-20230430225905-43f6cf3098c1
https://github.com/oklog/run,v1.1.0
https://github.com/oklog/ulid,v1.3.1
https://github.com/oklog/ulid,v2.1.0
https://github.com/onsi/ginkgo,v2.1.4
https://github.com/onsi/ginkgo,v2.17.1
https://github.com/onsi/ginkgo,v2.19.0
https://github.com/onsi/ginkgo,v2.21.0
https://github.com/onsi/ginkgo,v2.22.0
https://github.com/onsi/ginkgo,v2.22.1
https://github.com/onsi/ginkgo,v2.9.5
https://github.com/onsi/gomega,v1.19.0
https://github.com/onsi/gomega,v1.27.6
https://github.com/onsi/gomega,v1.33.0
https://github.com/onsi/gomega,v1.33.1
https://github.com/onsi/gomega,v1.35.1
https://github.com/onsi/gomega,v1.36.0
https://github.com/onsi/gomega,v1.36.1
https://github.com/onsi/gomega,v1.36.2
https://github.com/open-policy-agent/opa,v0.68.0
https://github.com/open-telemetry/opentelemetry-collector,v0.118.0
https://github.com/open-telemetry/opentelemetry-collector,v0.121.0
https://github.com/open-telemetry/opentelemetry-collector,v0.132.0
https://github.com/open-telemetry/opentelemetry-collector,v1.24.0
https://github.com/open-telemetry/opentelemetry-collector,v1.27.0
https://github.com/open-telemetry/opentelemetry-collector,v1.38.0
https://github.com/open-telemetry/opentelemetry-collector-contrib,v0.116.0
https://github.com/open-telemetry/opentelemetry-collector-contrib,v0.121.0
https://github.com/open-telemetry/opentelemetry-ebpf-profiler,v0.0.0-20250519164423-009a07f3803c
https://github.com/open-telemetry/opentelemetry-go,v0.13.0
https://github.com/open-telemetry/opentelemetry-go,v0.42.0
https://github.com/open-telemetry/opentelemetry-go,v0.57.0
https://github.com/open-telemetry/opentelemetry-go,v1.17.0
https://github.com/open-telemetry/opentelemetry-go,v1.19.0
https://github.com/open-telemetry/opentelemetry-go,v1.21.0
https://github.com/open-telemetry/opentelemetry-go,v1.24.0
https://github.com/open-telemetry/opentelemetry-go,v1.27.0
https://github.com/open-telemetry/opentelemetry-go,v1.28.0
https://github.com/open-telemetry/opentelemetry-go,v1.31.0
https://github.com/open-telemetry/opentelemetry-go,v1.32.0
https://github.com/open-telemetry/opentelemetry-go,v1.33.0
https://github.com/open-telemetry/opentelemetry-go,v1.34.0
https://github.com/open-telemetry/opentelemetry-go,v1.35.0
https://github.com/open-telemetry/opentelemetry-go,v1.36.0
https://github.com/open-telemetry/opentelemetry-go,v1.37.0
https://github.com/open-telemetry/opentelemetry-go-contrib,v0.12.0
https://github.com/open-telemetry/opentelemetry-go-contrib,v0.45.0
https://github.com/open-telemetry/opentelemetry-go-contrib,v0.46.1
https://github.com/open-telemetry/opentelemetry-go-contrib,v0.49.0
https://github.com/open-telemetry/opentelemetry-go-contrib,v0.53.0
https://github.com/open-telemetry/opentelemetry-go-contrib,v0.56.0
https://github.com/open-telemetry/opentelemetry-go-contrib,v0.58.0
https://github.com/open-telemetry/opentelemetry-go-contrib,v0.59.0
https://github.com/open-telemetry/opentelemetry-go-contrib,v0.60.0
https://github.com/open-telemetry/opentelemetry-go-contrib,v1.34.0
https://github.com/open-telemetry/opentelemetry-go-contrib,v1.36.0
https://github.com/open-telemetry/opentelemetry-go-instrumentation,v1.1.0
https://github.com/open-telemetry/opentelemetry-proto-go,v1.0.0
https://github.com/open-telemetry/opentelemetry-proto-go,v1.3.1
https://github.com/open-telemetry/opentelemetry-proto-go,v1.5.0
https://github.com/opencontainers/go-digest,v1.0.0
https://github.com/opencontainers/image-spec,v1.0.2
https://github.com/opencontainers/image-spec,v1.1.0
https://github.com/opencontainers/image-spec,v1.1.0-rc5
https://github.com/opencontainers/image-spec,v1.1.1
https://github.com/opencontainers/runc,v1.1.14
https://github.com/opencontainers/runtime-spec,v1.1.0
https://github.com/opencontainers/runtime-spec,v1.2.0
https://github.com/opencontainers/runtime-spec,v1.2.1
https://github.com/opencontainers/runtime-tools,v0.9.1-0.20221107090550-2e043c6bd626
https://github.com/opencontainers/selinux,v1.11.0
https://github.com/opencontainers/selinux,v1.11.1
https://github.com/opencontainers/selinux,v1.12.0
https://github.com/openshift/api,v0.0.0-20250313134101-8a7efbfb5316
https://github.com/opentracing/opentracing-go,v1.1.0
https://github.com/oras-project/oras-go,v1.2.5
https://github.com/orisano/pixelmatch,v0.0.0-20220722002657-fb0b55479cde
https://github.com/ovh/go-ovh,v1.6.0
https://github.com/ovh/go-ovh,v1.7.0
https://github.com/package-url/packageurl-go,v0.1.1
https://github.com/parca-dev/oomprof,v0.1.5-0.20250922151707-ec00408377fb
https://github.com/pbnjay/memory,v0.0.0-20210728143218-7b4eea64cf58
https://github.com/pelletier/go-toml,v1.9.4
https://github.com/pelletier/go-toml,v1.9.5
https://github.com/pelletier/go-toml,v2.2.2
https://github.com/pelletier/go-toml,v2.2.3
https://github.com/peterbourgon/diskv,v2.0.1+incompatible
https://github.com/peterbourgon/ff,v3.4.0
https://github.com/petermattis/goid,v0.0.0-20240813172612-4fcff4a6cae7
https://github.com/phayes/freeport,v0.0.0-20220201140144-74d24b5ae9f5
https://github.com/pierrec/lz4,v4.1.21
https://github.com/pierrec/lz4,v4.1.22
https://github.com/pires/go-proxyproto,v0.8.0
https://github.com/pkg/browser,v0.0.0-20240102092130-5ac0b6a4141c
https://github.com/pkg/errors,v0.8.0
https://github.com/pkg/errors,v0.8.1
https://github.com/pkg/errors,v0.9.1
https://github.com/pkg/profile,v1.7.0
https://github.com/pkg/sftp,v1.13.6
https://github.com/planetscale/vtprotobuf,v0.6.1-0.20240319094008-0393e58bdf10
https://github.com/planetscale/vtprotobuf,v0.6.1-0.20240409071808-615f978279ca
https://github.com/pmezard/go-difflib,v1.0.0
https://github.com/pmezard/go-difflib,v1.0.1-0.20181226105442-5d4384ee4fb2
https://github.com/power-devops/perfstat,v0.0.0-20210106213030-5aafc221ea8c
https://github.com/pquerna/cachecontrol,v0.1.0
https://github.com/prometheus/alertmanager,v0.28.0
https://github.com/prometheus/client_golang,v0.9.1
https://github.com/prometheus/client_golang,v1.0.0
https://github.com/prometheus/client_golang,v1.11.1
https://github.com/prometheus/client_golang,v1.14.0
https://github.com/prometheus/client_golang,v1.16.0
https://github.com/prometheus/client_golang,v1.19.1
https://github.com/prometheus/client_golang,v1.20.2
https://github.com/prometheus/client_golang,v1.20.4
https://github.com/prometheus/client_golang,v1.20.5
https://github.com/prometheus/client_golang,v1.21.0-rc.0
https://github.com/prometheus/client_golang,v1.21.1
https://github.com/prometheus/client_golang,v1.22.0
https://github.com/prometheus/client_golang,v1.23.0
https://github.com/prometheus/client_golang,v1.7.1
https://github.com/prometheus/client_model,v0.0.0-20180712105110-5c3871d89910
https://github.com/prometheus/client_model,v0.0.0-20190129233127-fd36f4220a90
https://github.com/prometheus/client_model,v0.0.0-20190812154241-14fe0d1b01d4
https://github.com/prometheus/client_model,v0.2.0
https://github.com/prometheus/client_model,v0.3.0
https://github.com/prometheus/client_model,v0.4.0
https://github.com/prometheus/client_model,v0.5.0
https://github.com/prometheus/client_model,v0.6.1
https://github.com/prometheus/client_model,v0.6.2
https://github.com/prometheus/common,v0.10.0
https://github.com/prometheus/common,v0.2.0
https://github.com/prometheus/common,v0.26.0
https://github.com/prometheus/common,v0.37.0
https://github.com/prometheus/common,v0.4.1
https://github.com/prometheus/common,v0.42.0
https://github.com/prometheus/common,v0.44.0
https://github.com/prometheus/common,v0.48.0
https://github.com/prometheus/common,v0.55.0
https://github.com/prometheus/common,v0.62.0
https://github.com/prometheus/common,v0.63.0
https://github.com/prometheus/common,v0.65.0
https://github.com/prometheus/exporter-toolkit,v0.13.2
https://github.com/prometheus/exporter-toolkit,v0.14.0
https://github.com/prometheus/procfs,v0.0.0-20181005140218-185b4288413d
https://github.com/prometheus/procfs,v0.0.2
https://github.com/prometheus/procfs,v0.1.3
https://github.com/prometheus/procfs,v0.10.1
https://github.com/prometheus/procfs,v0.12.0
https://github.com/prometheus/procfs,v0.15.1
https://github.com/prometheus/procfs,v0.16.0
https://github.com/prometheus/procfs,v0.16.1
https://github.com/prometheus/procfs,v0.6.0
https://github.com/prometheus/procfs,v0.8.0
https://github.com/prometheus/prometheus,v0.302.1
https://github.com/prometheus/prometheus,v0.303.0
https://github.com/prometheus/sigv4,v0.1.1
https://github.com/prometheus/sigv4,v0.1.2
https://github.com/quic-go/qpack,v0.5.1
https://github.com/quic-go/quic-go,v0.50.0
https://github.com/rcrowley/go-metrics,v0.0.0-20200313005456-10cdbea86bc0
https://github.com/remyoudompheng/bigfft,v0.0.0-20230129092748-24d4a6f8daec
https://github.com/rivo/uniseg,v0.2.0
https://github.com/rivo/uniseg,v0.4.7
https://github.com/rogpeppe/fastuuid,v1.2.0
https://github.com/rogpeppe/go-internal,v1.10.0
https://github.com/rogpeppe/go-internal,v1.11.0
https://github.com/rogpeppe/go-internal,v1.12.0
https://github.com/rogpeppe/go-internal,v1.13.1
https://github.com/rogpeppe/go-internal,v1.9.0
https://github.com/rsc/pdf,v0.1.1
https://github.com/rubenv/sql-migrate,v1.7.1
https://github.com/russross/blackfriday,v1.6.0
https://github.com/russross/blackfriday,v2.1.0
https://github.com/ryanuber/go-glob,v1.0.0
https://github.com/safchain/ethtool,v0.5.9
https://github.com/sagikazarmark/crypt,v0.19.0
https://github.com/sagikazarmark/locafero,v0.4.0
https://github.com/sagikazarmark/locafero,v0.6.0
https://github.com/sagikazarmark/slog-shim,v0.1.0
https://github.com/santhosh-tekuri/jsonschema,v5.3.1
https://github.com/sasha-s/go-deadlock,v0.3.5
https://github.com/scaleway/scaleway-sdk-go,v1.0.0-beta.30
https://github.com/scaleway/scaleway-sdk-go,v1.0.0-beta.32
https://github.com/secure-systems-lab/go-securesystemslib,v0.4.0
https://github.com/sergi/go-diff,v1.2.0
https://github.com/serialx/hashring,v0.0.0-20200727003509-22c0c7ab6b1b
https://github.com/shibumi/go-pathspec,v1.3.0
https://github.com/shirou/gopsutil,v3.23.12
https://github.com/shoenig/go-m1cpu,v0.1.6
https://github.com/shopspring/decimal,v1.4.0
https://github.com/shurcooL/httpfs,v0.0.0-20230704072500-f1e31cf0ba5c
https://github.com/sirupsen/logrus,v1.2.0
https://github.com/sirupsen/logrus,v1.4.2
https://github.com/sirupsen/logrus,v1.6.0
https://github.com/sirupsen/logrus,v1.9.3
https://github.com/soheilhy/cmux,v0.1.5
https://github.com/sourcegraph/conc,v0.3.0
https://github.com/spacemonkeygo/openssl,v0.0.0-20181017203307-c2dcc5cca94a
https://github.com/spacemonkeygo/spacelog,v0.0.0-20180420211403-2296661a0572
https://github.com/spdx/tools-golang,v0.5.3
https://github.com/spf13/afero,v1.10.0
https://github.com/spf13/afero,v1.11.0
https://github.com/spf13/cast,v1.6.0
https://github.com/spf13/cast,v1.7.0
https://github.com/spf13/cobra,v1.8.0
https://github.com/spf13/cobra,v1.8.1
https://github.com/spf13/cobra,v1.9.1
https://github.com/spf13/pflag,v1.0.5
https://github.com/spf13/pflag,v1.0.6
https://github.com/spf13/viper,v1.19.0
https://github.com/spiffe/go-spiffe,v2.5.0
https://github.com/stefanberger/go-pkcs11uri,v0.0.0-20230803200340-78284954bff6
https://github.com/stoewer/go-strcase,v1.2.0
https://github.com/stoewer/go-strcase,v1.3.0
https://github.com/stretchr/objx,v0.1.0
https://github.com/stretchr/objx,v0.1.1
https://github.com/stretchr/objx,v0.4.0
https://github.com/stretchr/objx,v0.5.0
https://github.com/stretchr/objx,v0.5.2
https://github.com/stretchr/testify,v1.10.0
https://github.com/stretchr/testify,v1.11.1
https://github.com/stretchr/testify,v1.2.2
https://github.com/stretchr/testify,v1.3.0
https://github.com/stretchr/testify,v1.4.0
https://github.com/stretchr/testify,v1.5.1
https://github.com/stretchr/testify,v1.6.1
https://github.com/stretchr/testify,v1.7.0
https://github.com/stretchr/testify,v1.7.1
https://github.com/stretchr/testify,v1.7.5
https://github.com/stretchr/testify,v1.8.0
https://github.com/stretchr/testify,v1.8.1
https://github.com/stretchr/testify,v1.8.2
https://github.com/stretchr/testify,v1.8.4
https://github.com/stretchr/testify,v1.9.0
https://github.com/subosito/gotenv,v1.6.0
https://github.com/substrait-io/substrait-go,v0.4.2
https://github.com/syndtr/gocapability,v0.0.0-20200815063812-42c35b437635
https://github.com/tchap/go-patricia,v2.3.1
https://github.com/testcontainers/testcontainers-go,v0.35.0
https://github.com/tidwall/gjson,v1.14.2
https://github.com/tidwall/match,v1.1.1
https://github.com/tidwall/pretty,v1.2.0
https://github.com/tidwall/sjson,v1.2.5
https://github.com/tklauser/go-sysconf,v0.3.12
https://github.com/tklauser/numcpus,v0.10.0
https://github.com/tmc/grpc-websocket-proxy,v0.0.0-20220101234140-673ab2c3ae75
https://github.com/tonistiigi/dchapes-mode,v0.0.0-20241001053921-ca0759fec205
https://github.com/tonistiigi/fsutil,v0.0.0-20250113203817-b14e27f4135a
https://github.com/tonistiigi/go-actions-cache,v0.0.0-20250228231703-3e9a6642607f
https://github.com/tonistiigi/go-archvariant,v1.0.0
https://github.com/tonistiigi/go-csvvalue,v0.0.0-20240710180619-ddb21b71c0b4
https://github.com/tonistiigi/units,v0.0.0-20180711220420-6950e57a87ea
https://github.com/tonistiigi/vt100,v0.0.0-20240514184818-90bafcd6abab
https://github.com/u-root/uio,v0.0.0-20240224005618-d2acac8f3701
https://github.com/uber-go/atomic,v1.11.0
https://github.com/uber-go/atomic,v1.7.0
https://github.com/uber-go/atomic,v1.9.0
https://github.com/uber-go/automaxprocs,v1.6.0
https://github.com/uber-go/goleak,v1.1.10
https://github.com/uber-go/goleak,v1.1.12
https://github.com/uber-go/goleak,v1.2.0
https://github.com/uber-go/goleak,v1.3.0
https://github.com/uber-go/multierr,v1.10.0
https://github.com/uber-go/multierr,v1.11.0
https://github.com/uber-go/multierr,v1.6.0
https://github.com/uber-go/multierr,v1.9.0
https://github.com/uber-go/zap,v1.18.1
https://github.com/uber-go/zap,v1.21.0
https://github.com/uber-go/zap,v1.26.0
https://github.com/uber-go/zap,v1.27.0
https://github.com/uber/mock,v0.4.0
https://github.com/uber/mock,v0.5.0
https://github.com/urfave/cli,v1.22.12
https://github.com/urfave/cli,v1.22.15
https://github.com/urfave/cli,v1.22.16
https://github.com/vbatts/tar-split,v0.11.3
https://github.com/vbatts/tar-split,v0.11.6
https://github.com/veraison/go-cose,v1.1.0
https://github.com/vishvananda/netlink,v1.2.1-beta.2
https://github.com/vishvananda/netlink,v1.3.0
https://github.com/vishvananda/netlink,v1.3.1-0.20240922070040-084abd93d350
https://github.com/vishvananda/netns,v0.0.0-20210104183010-2eb08e3e575f
https://github.com/vishvananda/netns,v0.0.4
https://github.com/vishvananda/netns,v0.0.5
https://github.com/vultr/govultr,v2.17.2
https://github.com/x448/float16,v0.8.4
https://github.com/xeipuuv/gojsonpointer,v0.0.0-20180127040702-4e3ac2762d5f
https://github.com/xeipuuv/gojsonpointer,v0.0.0-20190905194746-02993c407bfb
https://github.com/xeipuuv/gojsonreference,v0.0.0-20180127040603-bd5ef7bd5415
https://github.com/xeipuuv/gojsonschema,v1.2.0
https://github.com/xhit/go-str2duration,v2.1.0
https://github.com/xiang90/probing,v0.0.0-20221125231312-a49e3df8f510
https://github.com/xlab/treeprint,v1.2.0
https://github.com/xyproto/ainur,v1.3.3
https://github.com/yashtewari/glob-intersection,v0.2.0
https://github.com/yl2chen/cidranger,v1.0.2
https://github.com/yuin/goldmark,v1.1.27
https://github.com/yuin/goldmark,v1.2.1
https://github.com/yuin/goldmark,v1.4.13
https://github.com/yusufpapurcu/wmi,v1.2.3
https://github.com/yvasiyarov/go-metrics,v0.0.0-20140926110328-57bccd1ccd43
https://github.com/yvasiyarov/gorelic,v0.0.0-20141212073537-a9bba5b9ab50
https://github.com/yvasiyarov/newrelic_platform_go,v0.0.0-20140908184405-b21fdbd4370f
https://github.com/zcalusic/sysinfo,v1.1.3
https://github.com/zeebo/assert,v1.3.0
https://github.com/zeebo/errs,v1.4.0
https://github.com/zeebo/xxh3,v1.0.2
https://gitlab.com/cznic/gc,v3.0.0-20240107210532-573471604cb6
https://gitlab.com/cznic/libc,v1.41.0
https://gitlab.com/cznic/mathutil,v1.6.0
https://gitlab.com/cznic/memory,v1.7.2
https://gitlab.com/cznic/sqlite,v1.29.5
https://gitlab.com/cznic/strutil,v1.2.0
https://gitlab.com/cznic/token,v1.1.0
https://go,1.17
https://go,1.21
https://go,1.21.0
https://go,1.21.1
https://go,1.22
https://go,1.22.0
https://go,1.22.7
https://go,1.23
https://go,1.23.0
https://go,1.23.1
https://go,1.23.6
https://go,1.24.0
https://go,1.24.6
https://go,1.24.7
https://go.googlesource.com/arch,v0.20.0
https://go.googlesource.com/crypto,v0.0.0-20180904163835-0709b304e793
https://go.googlesource.com/crypto,v0.0.0-20190308221718-c2843e01d9a2
https://go.googlesource.com/crypto,v0.0.0-20191011191535-87dc89f01550
https://go.googlesource.com/crypto,v0.0.0-20200622213623-75b288015ac9
https://go.googlesource.com/crypto,v0.16.0
https://go.googlesource.com/crypto,v0.21.0
https://go.googlesource.com/crypto,v0.24.0
https://go.googlesource.com/crypto,v0.25.0
https://go.googlesource.com/crypto,v0.26.0
https://go.googlesource.com/crypto,v0.28.0
https://go.googlesource.com/crypto,v0.31.0
https://go.googlesource.com/crypto,v0.32.0
https://go.googlesource.com/crypto,v0.35.0
https://go.googlesource.com/crypto,v0.36.0
https://go.googlesource.com/crypto,v0.37.0
https://go.googlesource.com/crypto,v0.38.0
https://go.googlesource.com/crypto,v0.41.0
https://go.googlesource.com/exp,v0.0.0-20190121172915-509febef88a4
https://go.googlesource.com/exp,v0.0.0-20220722155223-a9213eeb770e
https://go.googlesource.com/exp,v0.0.0-20230515195305-f3d0a9c9a5cc
https://go.googlesource.com/exp,v0.0.0-20230905200255-921286631fa9
https://go.googlesource.com/exp,v0.0.0-20231006140011-7918f672742d
https://go.googlesource.com/exp,v0.0.0-20240119083558-1b970713d09a
https://go.googlesource.com/exp,v0.0.0-20240222234643-814bf88cf225
https://go.googlesource.com/exp,v0.0.0-20240325151524-a685a6edb6d8
https://go.googlesource.com/exp,v0.0.0-20240506185415-9bf2ced13842
https://go.googlesource.com/exp,v0.0.0-20240719175910-8a7402abbf56
https://go.googlesource.com/exp,v0.0.0-20241108190413-2d47ceb2692f
https://go.googlesource.com/exp,v0.0.0-20241215155358-4a5509556b9e
https://go.googlesource.com/exp,v0.0.0-20250106191152-7588d65b2ba8
https://go.googlesource.com/exp,v0.0.0-20250811191247-51f88131bc50
https://go.googlesource.com/image,v0.25.0
https://go.googlesource.com/lint,v0.0.0-20181026193005-c67002cb31c3
https://go.googlesource.com/lint,v0.0.0-20190227174305-5b3e6a55c961
https://go.googlesource.com/lint,v0.0.0-20190313153728-d0100b6bd8b3
https://go.googlesource.com/lint,v0.0.0-20190930215403-16217165b5de
https://go.googlesource.com/mod,v0.12.0
https://go.googlesource.com/mod,v0.15.0
https://go.googlesource.com/mod,v0.16.0
https://go.googlesource.com/mod,v0.17.0
https://go.googlesource.com/mod,v0.18.0
https://go.googlesource.com/mod,v0.2.0
https://go.googlesource.com/mod,v0.20.0
https://go.googlesource.com/mod,v0.21.0
https://go.googlesource.com/mod,v0.22.0
https://go.googlesource.com/mod,v0.23.0
https://go.googlesource.com/mod,v0.26.0
https://go.googlesource.com/mod,v0.27.0
https://go.googlesource.com/mod,v0.3.0
https://go.googlesource.com/mod,v0.6.0
https://go.googlesource.com/net,v0.0.0-20180724234803-3673e40ba225
https://go.googlesource.com/net,v0.0.0-20180826012351-8a410e7b638d
https://go.googlesource.com/net,v0.0.0-20181114220301-adae6a3d119a
https://go.googlesource.com/net,v0.0.0-20190108225652-1e06a53dbb7e
https://go.googlesource.com/net,v0.0.0-20190213061140-3a22650c66bd
https://go.googlesource.com/net,v0.0.0-20190311183353-d8887717615a
https://go.googlesource.com/net,v0.0.0-20190404232315-eb5bcb51f2a3
https://go.googlesource.com/net,v0.0.0-20190613194153-d28f0bde5980
https://go.googlesource.com/net,v0.0.0-20190620200207-3b0461eec859
https://go.googlesource.com/net,v0.0.0-20190827160401-ba9fcec4b297
https://go.googlesource.com/net,v0.0.0-20191007182048-72f939374954
https://go.googlesource.com/net,v0.0.0-20200202094626-16171245cfb2
https://go.googlesource.com/net,v0.0.0-20200226121028-0de0cce0169b
https://go.googlesource.com/net,v0.0.0-20200625001655-4c5254603344
https://go.googlesource.com/net,v0.0.0-20201021035429-f5854403a974
https://go.googlesource.com/net,v0.0.0-20201110031124-69a78807bb2b
https://go.googlesource.com/net,v0.14.0
https://go.googlesource.com/net,v0.15.0
https://go.googlesource.com/net,v0.17.0
https://go.googlesource.com/net,v0.19.0
https://go.googlesource.com/net,v0.20.0
https://go.googlesource.com/net,v0.21.0
https://go.googlesource.com/net,v0.22.0
https://go.googlesource.com/net,v0.23.0
https://go.googlesource.com/net,v0.24.0
https://go.googlesource.com/net,v0.25.0
https://go.googlesource.com/net,v0.26.0
https://go.googlesource.com/net,v0.28.0
https://go.googlesource.com/net,v0.30.0
https://go.googlesource.com/net,v0.32.0
https://go.googlesource.com/net,v0.33.0
https://go.googlesource.com/net,v0.34.0
https://go.googlesource.com/net,v0.35.0
https://go.googlesource.com/net,v0.36.0
https://go.googlesource.com/net,v0.37.0
https://go.googlesource.com/net,v0.38.0
https://go.googlesource.com/net,v0.39.0
https://go.googlesource.com/net,v0.40.0
https://go.googlesource.com/net,v0.43.0
https://go.googlesource.com/net,v0.9.0
https://go.googlesource.com/oauth2,v0.0.0-20180821212333-d2e6202438be
https://go.googlesource.com/oauth2,v0.0.0-20190226205417-e64efc72b421
https://go.googlesource.com/oauth2,v0.11.0
https://go.googlesource.com/oauth2,v0.12.0
https://go.googlesource.com/oauth2,v0.15.0
https://go.googlesource.com/oauth2,v0.18.0
https://go.googlesource.com/oauth2,v0.21.0
https://go.googlesource.com/oauth2,v0.22.0
https://go.googlesource.com/oauth2,v0.23.0
https://go.googlesource.com/oauth2,v0.24.0
https://go.googlesource.com/oauth2,v0.25.0
https://go.googlesource.com/oauth2,v0.26.0
https://go.googlesource.com/oauth2,v0.27.0
https://go.googlesource.com/oauth2,v0.28.0
https://go.googlesource.com/oauth2,v0.30.0
https://go.googlesource.com/protobuf,v0.0.0-20200109180630-ec00e32a8dfd
https://go.googlesource.com/protobuf,v0.0.0-20200221191635-4d8936d0db64
https://go.googlesource.com/protobuf,v0.0.0-20200228230310-ab0ca4ff8a60
https://go.googlesource.com/protobuf,v1.20.1-0.20200309200217-e05f789c0967
https://go.googlesource.com/protobuf,v1.21.0
https://go.googlesource.com/protobuf,v1.22.0
https://go.googlesource.com/protobuf,v1.23.0
https://go.googlesource.com/protobuf,v1.23.1-0.20200526195155-81db48ad09cc
https://go.googlesource.com/protobuf,v1.25.0
https://go.googlesource.com/protobuf,v1.26.0-rc.1
https://go.googlesource.com/protobuf,v1.27.1
https://go.googlesource.com/protobuf,v1.31.0
https://go.googlesource.com/protobuf,v1.33.0
https://go.googlesource.com/protobuf,v1.34.2
https://go.googlesource.com/protobuf,v1.35.1
https://go.googlesource.com/protobuf,v1.35.2
https://go.googlesource.com/protobuf,v1.36.1
https://go.googlesource.com/protobuf,v1.36.3
https://go.googlesource.com/protobuf,v1.36.4
https://go.googlesource.com/protobuf,v1.36.5
https://go.googlesource.com/protobuf,v1.36.6
https://go.googlesource.com/protobuf,v1.36.7
https://go.googlesource.com/protobuf,v1.36.8
https://go.googlesource.com/sync,v0.0.0-20180314180146-1d60e4601c6f
https://go.googlesource.com/sync,v0.0.0-20181108010431-42b317875d0f
https://go.googlesource.com/sync,v0.0.0-20181221193216-37e7f081c4d4
https://go.googlesource.com/sync,v0.0.0-20190423024810-112230192c58
https://go.googlesource.com/sync,v0.0.0-20190911185100-cd5d95a43a6e
https://go.googlesource.com/sync,v0.0.0-20201020160332-67f06af15bc9
https://go.googlesource.com/sync,v0.0.0-20201207232520-09787c993a3a
https://go.googlesource.com/sync,v0.1.0
https://go.googlesource.com/sync,v0.10.0
https://go.googlesource.com/sync,v0.11.0
https://go.googlesource.com/sync,v0.12.0
https://go.googlesource.com/sync,v0.13.0
https://go.googlesource.com/sync,v0.14.0
https://go.googlesource.com/sync,v0.16.0
https://go.googlesource.com/sync,v0.5.0
https://go.googlesource.com/sync,v0.6.0
https://go.googlesource.com/sync,v0.7.0
https://go.googlesource.com/sync,v0.8.0
https://go.googlesource.com/sync,v0.9.0
https://go.googlesource.com/sys,v0.0.0-20180830151530-49385e6e1522
https://go.googlesource.com/sys,v0.0.0-20180905080454-ebe1bf3edb33
https://go.googlesource.com/sys,v0.0.0-20181116152217-5ac8a444bdc5
https://go.googlesource.com/sys,v0.0.0-20190215142949-d0b11bdaac8a
https://go.googlesource.com/sys,v0.0.0-20190312061237-fead79001313
https://go.googlesource.com/sys,v0.0.0-20190411185658-b44545bcd369
https://go.googlesource.com/sys,v0.0.0-20190412213103-97732733099d
https://go.googlesource.com/sys,v0.0.0-20190422165155-953cdadca894
https://go.googlesource.com/sys,v0.0.0-20190826190057-c7b8b68b1456
https://go.googlesource.com/sys,v0.0.0-20191008105621-543471e840be
https://go.googlesource.com/sys,v0.0.0-20200106162015-b016eb3dc98e
https://go.googlesource.com/sys,v0.0.0-20200202164722-d101bd2416d5
https://go.googlesource.com/sys,v0.0.0-20200323222414-85ca7c5b95cd
https://go.googlesource.com/sys,v0.0.0-20200615200032-f1bc736245b1
https://go.googlesource.com/sys,v0.0.0-20200625212154-ddb9806d33ae
https://go.googlesource.com/sys,v0.0.0-20200930185726-fdedc70b468f
https://go.googlesource.com/sys,v0.0.0-20210124154548-22da62e12c0c
https://go.googlesource.com/sys,v0.0.0-20210603081109-ebe580a85c40
https://go.googlesource.com/sys,v0.0.0-20210616094352-59db8d763f22
https://go.googlesource.com/sys,v0.0.0-20211025201205-69cdffdb9359
https://go.googlesource.com/sys,v0.0.0-20220310020820-b874c991c1a5
https://go.googlesource.com/sys,v0.0.0-20220704084225-05e143d24a9e
https://go.googlesource.com/sys,v0.0.0-20220715151400-c0bba94af5f8
https://go.googlesource.com/sys,v0.1.0
https://go.googlesource.com/sys,v0.10.0
https://go.googlesource.com/sys,v0.11.0
https://go.googlesource.com/sys,v0.13.0
https://go.googlesource.com/sys,v0.15.0
https://go.googlesource.com/sys,v0.16.0
https://go.googlesource.com/sys,v0.17.0
https://go.googlesource.com/sys,v0.18.0
https://go.googlesource.com/sys,v0.19.0
https://go.googlesource.com/sys,v0.2.0
https://go.googlesource.com/sys,v0.20.0
https://go.googlesource.com/sys,v0.21.0
https://go.googlesource.com/sys,v0.23.0
https://go.googlesource.com/sys,v0.24.0
https://go.googlesource.com/sys,v0.25.0
https://go.googlesource.com/sys,v0.26.0
https://go.googlesource.com/sys,v0.27.0
https://go.googlesource.com/sys,v0.28.0
https://go.googlesource.com/sys,v0.29.0
https://go.googlesource.com/sys,v0.30.0
https://go.googlesource.com/sys,v0.31.0
https://go.googlesource.com/sys,v0.32.0
https://go.googlesource.com/sys,v0.33.0
https://go.googlesource.com/sys,v0.35.0
https://go.googlesource.com/sys,v0.5.0
https://go.googlesource.com/sys,v0.6.0
https://go.googlesource.com/sys,v0.7.0
https://go.googlesource.com/telemetry,v0.0.0-20240521205824-bda55230c457
https://go.googlesource.com/telemetry,v0.0.0-20250807160809-1a19826ec488
https://go.googlesource.com/term,v0.19.0
https://go.googlesource.com/term,v0.21.0
https://go.googlesource.com/term,v0.25.0
https://go.googlesource.com/term,v0.27.0
https://go.googlesource.com/term,v0.28.0
https://go.googlesource.com/term,v0.29.0
https://go.googlesource.com/term,v0.30.0
https://go.googlesource.com/term,v0.31.0
https://go.googlesource.com/term,v0.32.0
https://go.googlesource.com/term,v0.34.0
https://go.googlesource.com/text,v0.12.0
https://go.googlesource.com/text,v0.13.0
https://go.googlesource.com/text,v0.14.0
https://go.googlesource.com/text,v0.15.0
https://go.googlesource.com/text,v0.16.0
https://go.googlesource.com/text,v0.17.0
https://go.googlesource.com/text,v0.19.0
https://go.googlesource.com/text,v0.21.0
https://go.googlesource.com/text,v0.22.0
https://go.googlesource.com/text,v0.23.0
https://go.googlesource.com/text,v0.24.0
https://go.googlesource.com/text,v0.25.0
https://go.googlesource.com/text,v0.28.0
https://go.googlesource.com/text,v0.3.0
https://go.googlesource.com/text,v0.3.2
https://go.googlesource.com/text,v0.3.3
https://go.googlesource.com/time,v0.0.0-20210723032227-1f47c861a9ac
https://go.googlesource.com/time,v0.0.0-20220210224613-90d013bbcef8
https://go.googlesource.com/time,v0.10.0
https://go.googlesource.com/time,v0.11.0
https://go.googlesource.com/time,v0.3.0
https://go.googlesource.com/time,v0.5.0
https://go.googlesource.com/time,v0.6.0
https://go.googlesource.com/time,v0.7.0
https://go.googlesource.com/time,v0.9.0
https://go.googlesource.com/tools,v0.0.0-20180917221912-90fa682c2a6e
https://go.googlesource.com/tools,v0.0.0-20190114222345-bf090417da8b
https://go.googlesource.com/tools,v0.0.0-20190226205152-f727befe758c
https://go.googlesource.com/tools,v0.0.0-20190311212946-11955173bddd
https://go.googlesource.com/tools,v0.0.0-20190524140312-2c0ae7006135
https://go.googlesource.com/tools,v0.0.0-20191108193012-7d206e10da11
https://go.googlesource.com/tools,v0.0.0-20191119224855-298f0cb1881e
https://go.googlesource.com/tools,v0.0.0-20200619180055-7c47624df98f
https://go.googlesource.com/tools,v0.0.0-20210106214847-113979e3529a
https://go.googlesource.com/tools,v0.11.0
https://go.googlesource.com/tools,v0.13.0
https://go.googlesource.com/tools,v0.18.0
https://go.googlesource.com/tools,v0.19.0
https://go.googlesource.com/tools,v0.2.0
https://go.googlesource.com/tools,v0.20.0
https://go.googlesource.com/tools,v0.21.0
https://go.googlesource.com/tools,v0.21.1-0.20240508182429-e35e4ccd0d2d
https://go.googlesource.com/tools,v0.22.0
https://go.googlesource.com/tools,v0.24.0
https://go.googlesource.com/tools,v0.26.0
https://go.googlesource.com/tools,v0.28.0
https://go.googlesource.com/tools,v0.29.0
https://go.googlesource.com/tools,v0.30.0
https://go.googlesource.com/tools,v0.35.0
https://go.googlesource.com/tools,v0.36.0
https://go.googlesource.com/tools/go/expect,v0.1.1-deprecated
https://go.googlesource.com/tools/go/packages/packagestest,v0.1.1-deprecated
https://go.googlesource.com/xerrors,v0.0.0-20190717185122-a985d3407aa7
https://go.googlesource.com/xerrors,v0.0.0-20191011141410-1b5146add898
https://go.googlesource.com/xerrors,v0.0.0-20191204190536-9bdfabe68543
https://go.googlesource.com/xerrors,v0.0.0-20200804184101-5ec99f83aff1
https://go.googlesource.com/xerrors,v0.0.0-20220907171357-04be3eba64a2
https://go.googlesource.com/xerrors,v0.0.0-20231012003039-104605ab7028
https://go.googlesource.com/xerrors,v0.0.0-20240903120638-7835f813f4da
https://gopkg.in/alecthomas/kingpin.v2,v2.2.6
https://gopkg.in/check.v1,v0.0.0-20161208181325-20d25e280405
https://gopkg.in/check.v1,v1.0.0-20180628173108-788fd7840127
https://gopkg.in/check.v1,v1.0.0-20190902080502-41f04d3bba15
https://gopkg.in/check.v1,v1.0.0-20201130134442-10cb98267c6c
https://gopkg.in/evanphx/json-patch.v4,v4.12.0
https://gopkg.in/inf.v0,v0.9.1
https://gopkg.in/ini.v1,v1.67.0
https://gopkg.in/natefinch/lumberjack.v2,v2.2.1
https://gopkg.in/square/go-jose.v2,v2.6.0
https://gopkg.in/yaml.v2,v2.2.1
https://gopkg.in/yaml.v2,v2.2.2
https://gopkg.in/yaml.v2,v2.2.4
https://gopkg.in/yaml.v2,v2.2.5
https://gopkg.in/yaml.v2,v2.2.8
https://gopkg.in/yaml.v2,v2.3.0
https://gopkg.in/yaml.v2,v2.4.0
https://gopkg.in/yaml.v3,v3.0.0-20200313102051-9f266ea9e77c
https://gopkg.in/yaml.v3,v3.0.0-20210107192922-496545a6307b
https://gopkg.in/yaml.v3,v3.0.1
https://toolchain,go1.23.0
https://toolchain,go1.23.1
https://toolchain,go1.24.0
https://toolchain,go1.24.1
https://toolchain,go1.24.7
